{
  "summary": {
    "total_records": 10926,
    "total_pnl": 173043.46000000008,
    "avg_pnl": 15.837768625297462,
    "win_rate": 0.413783635365184
  },
  "gap_analysis": {
    "overall_correlation": -0.10237820390873402,
    "gap_category_performance": "             Trade_PnL                       Is_Winner\n                  mean  median     std count      mean\nGap_Category                                          \n<-20             39.00 -165.50  341.98  5731      0.44\n-20 to -10      -22.89 -185.50  330.22  2486      0.34\n-10 to -5       -52.98 -175.50  297.95   311      0.28\n-5 to 0          12.37 -165.50  419.03   622      0.46\n0 to 5          -65.50 -180.50  357.85   622      0.30\n5 to 10          55.26 -120.50  378.00   843      0.48\n10 to 20           NaN     NaN     NaN     0       NaN\n>20              30.19  184.38  456.10   311      0.62",
    "gap_extremes": {
      "thresholds": {
        "extreme_negative": -132.5,
        "moderate_negative": -62.5,
        "moderate_positive": 7.5,
        "extreme_positive": 7.5
      },
      "performance": {
        "extreme_negative": {
          "avg_pnl": 142.08467796610174,
          "win_rate": 0.588135593220339,
          "count": 590
        },
        "moderate_negative": {
          "avg_pnl": 32.83445341159209,
          "win_rate": 0.4372707263389582,
          "count": 1363
        },
        "normal": {
          "avg_pnl": -1.471942703670539,
          "win_rate": 0.3809950121498913,
          "count": 7819
        },
        "moderate_positive": {
          "avg_pnl": NaN,
          "win_rate": NaN,
          "count": 0
        },
        "extreme_positive": {
          "avg_pnl": 48.5002253032929,
          "win_rate": 0.5190641247833622,
          "count": 1154
        }
      }
    },
    "gap_fade_pattern": "                              Trade_PnL       Is_Winner\n                                   mean count      mean\nGap_Direction Time_Category                            \nDown          9-10am          57.879690   774  0.458656\n              10-11am         41.393455  1586  0.447667\n              11am-12pm      -17.732877  1606  0.355542\n              12-1pm          28.123102  1238  0.406300\n              1-2pm                 NaN     0       NaN\n              2-3pm                 NaN     0       NaN\n              3-4pm                 NaN     0       NaN\nFlat          9-10am         -50.059655   116  0.318966\n              10-11am        -36.915250   240  0.400000\n              11am-12pm       79.141750   240  0.466667\n              12-1pm         -95.731111   180  0.216667\n              1-2pm                 NaN     0       NaN\n              2-3pm                 NaN     0       NaN\n              3-4pm                 NaN     0       NaN\nUp            9-10am        -282.930435   115  0.165217\n              10-11am        -18.520099   203  0.428571\n              11am-12pm       44.093178   214  0.556075\n              12-1pm         153.632096   167  0.664671\n              1-2pm                 NaN     0       NaN\n              2-3pm                 NaN     0       NaN\n              3-4pm                 NaN     0       NaN"
  },
  "optimization": {
    "best_times_by_gap": {
      "<-20": {
        "best": [
          {
            "Entry_Time": "1:18:00 PM",
            "Avg_PnL": 208.7811111111111,
            "Win_Rate": 0.6666666666666666
          },
          {
            "Entry_Time": "12:57:00 PM",
            "Avg_PnL": 196.2811111111111,
            "Win_Rate": 0.6111111111111112
          },
          {
            "Entry_Time": "1:00:00 PM",
            "Avg_PnL": 190.53777777777776,
            "Win_Rate": 0.6111111111111112
          }
        ],
        "worst": [
          {
            "Entry_Time": "2:17:00 PM",
            "Avg_PnL": -173.1178947368421,
            "Win_Rate": 0.15789473684210525
          },
          {
            "Entry_Time": "2:54:00 PM",
            "Avg_PnL": -164.70947368421054,
            "Win_Rate": 0.15789473684210525
          },
          {
            "Entry_Time": "2:19:00 PM",
            "Avg_PnL": -162.72947368421055,
            "Win_Rate": 0.21052631578947367
          }
        ]
      },
      "-20 to -10": {
        "best": [
          {
            "Entry_Time": "2:23:00 PM",
            "Avg_PnL": 223.4875,
            "Win_Rate": 0.625
          },
          {
            "Entry_Time": "3:32:00 PM",
            "Avg_PnL": 221.91,
            "Win_Rate": 0.75
          },
          {
            "Entry_Time": "10:02:00 AM",
            "Avg_PnL": 196.6125,
            "Win_Rate": 0.625
          }
        ],
        "worst": [
          {
            "Entry_Time": "12:56:00 PM",
            "Avg_PnL": -346.1725,
            "Win_Rate": 0.0
          },
          {
            "Entry_Time": "12:53:00 PM",
            "Avg_PnL": -286.125,
            "Win_Rate": 0.0
          },
          {
            "Entry_Time": "1:31:00 PM",
            "Avg_PnL": -272.375,
            "Win_Rate": 0.125
          }
        ]
      }
    },
    "best_overall_times": [
      {
        "Entry_Time": "9:55:00 AM",
        "Avg_PnL": 166.696,
        "Win_Rate": 0.6285714285714286,
        "Sharpe": 0.43555819429371995
      },
      {
        "Entry_Time": "10:03:00 AM",
        "Avg_PnL": 164.54484848484847,
        "Win_Rate": 0.6363636363636364,
        "Sharpe": 0.504704563114286
      },
      {
        "Entry_Time": "10:04:00 AM",
        "Avg_PnL": 139.9878787878788,
        "Win_Rate": 0.6363636363636364,
        "Sharpe": 0.39358182408197107
      },
      {
        "Entry_Time": "1:44:00 PM",
        "Avg_PnL": 430.88,
        "Win_Rate": 1.0,
        "Sharpe": NaN
      },
      {
        "Entry_Time": "1:16:00 PM",
        "Avg_PnL": 141.59117647058824,
        "Win_Rate": 0.5882352941176471,
        "Sharpe": 0.45279740628320236
      }
    ],
    "time_windows": {
      "morning": {
        "avg_pnl": 62.197508802308796,
        "win_rate": 0.4958721670486377,
        "best_time": "10:03:00 AM"
      },
      "midday": {
        "avg_pnl": -15.355301577964523,
        "win_rate": 0.36020334295334294,
        "best_time": "12:04:00 PM"
      },
      "afternoon": {
        "avg_pnl": -25.070530534008473,
        "win_rate": 0.34347235689147454,
        "best_time": "1:44:00 PM"
      }
    }
  },
  "weekly_patterns": {
    "trend": {
      "slope": 0.6659935649935648,
      "r_squared": 0.0017285405489059777,
      "p_value": 0.8097452992654384,
      "trend_direction": "Improving"
    },
    "best_weeks": {
      "15": 322.41,
      "25": 314.96,
      "21": 263.49,
      "6": 253.29,
      "34": 223.97
    },
    "worst_weeks": {
      "26": -331.98,
      "16": -258.51,
      "4": -253.9,
      "11": -237.74,
      "36": -164.24
    },
    "high_volatility_weeks": {
      "weeks": [],
      "avg_gap_std": NaN,
      "avg_pnl": NaN
    }
  },
  "ml_results": {
    "random_forest": {
      "r2_scores": [
        -0.048582651099997376,
        0.27832661149005444,
        0.27724538787420516,
        0.05269239937629566,
        0.10940879687382044
      ],
      "mean_r2": 0.13381810890287565,
      "std_r2": 0.12798540868603478
    },
    "gradient_boosting": {
      "r2_scores": [
        0.0660626718198919,
        0.23664915155755262,
        0.25513233365077226,
        0.10072644298232991,
        0.0807632766180828
      ],
      "mean_r2": 0.1478667753257259,
      "std_r2": 0.08100026191908177
    },
    "feature_importance": [
      {
        "feature": "Minutes_From_Open",
        "importance": 0.3740756403785754
      },
      {
        "feature": "Week_Number",
        "importance": 0.27125553496842314
      },
      {
        "feature": "Gap_Abs",
        "importance": 0.1633204752417363
      },
      {
        "feature": "Gap_Mid",
        "importance": 0.0867102190556554
      },
      {
        "feature": "Entry_Minute",