{
  "total_trades": 1075125,
  "total_pnl": 5217689.700000027,
  "avg_pnl": 4.853100523195002,
  "median_pnl": 192.44,
  "std_pnl": 322.59402215907653,
  "win_rate": 0.6949350075572608,
  "total_winners": 747142,
  "total_losers": 327983,
  "avg_win": 212.58698410743878,
  "avg_loss": -468.36261263541087,
  "win_loss_ratio": 0.45389400941130115,
  "profit_factor": 1.0339660225669574,
  "max_drawdown": -2884289.5800025603,
  "max_drawdown_pct": -3.1624626400377913,
  "max_drawdown_duration": 280,
  "cagr": 4.758881545026436,
  "sharpe_ratio": 0.7347124081519821,
  "sortino_ratio": 1.447160044081058,
  "calmar_ratio": 1.5048024551428592,
  "mar_ratio": 1.5048024551428592,
  "kelly_fraction": 0.02282877544724163,
  "kelly_fraction_conservative": 0.005707193861810408,
  "avg_rom": 0.05357762454072901,
  "median_rom": 2.1240618101545254
}